model,scope,context_length,mean_ms,p50_ms,p90_ms,min_ms,max_ms,warmup,repeats
dflash,forward_backbone,128,3.1477734327316282,3.149680018424988,3.2077438831329346,3.0470080375671387,3.4301440715789795,10,50
dflash,forward_backbone,256,3.139544310569763,3.130911946296692,3.2007360458374023,3.0336639881134033,3.2678399085998535,10,50
dflash,forward_backbone,512,3.115371513366699,3.1151360273361206,3.17523193359375,3.007391929626465,3.2968320846557617,10,50
dflash,forward_backbone,1024,3.126655349731445,3.1198559999465942,3.1670079231262207,3.052095890045166,3.2767999172210693,10,50
dflash,forward_backbone,2048,3.4857536125183106,3.4871679544448853,3.495743989944458,3.4721601009368896,3.5,10,50
dflash,forward_backbone,4096,5.792164468765259,5.790831804275513,5.804416179656982,5.771327972412109,5.8170881271362305,10,50
dflash,forward_backbone,8192,9.967000350952148,9.957504272460938,9.991776466369629,9.940064430236816,10.028351783752441,10,50
dflash,forward_backbone,16384,18.68707458496094,18.681936264038086,18.73788833618164,18.633888244628906,18.765472412109375,10,50
myspec,forward_backbone,128,3.226859531402588,3.228991985321045,3.283168077468872,3.1474239826202393,3.3112640380859375,10,50
myspec,forward_backbone,256,3.2468678331375123,3.2476320266723633,3.303936004638672,3.159615993499756,3.3232638835906982,10,50
myspec,forward_backbone,512,3.230859513282776,3.217199921607971,3.273983955383301,3.1440958976745605,3.464319944381714,10,50
myspec,forward_backbone,1024,3.2428166484832763,3.24726402759552,3.288640022277832,3.159424066543579,3.3572158813476562,10,50
myspec,forward_backbone,2048,3.510738558769226,3.510256052017212,3.519615888595581,3.4985599517822266,3.526304006576538,10,50
myspec,forward_backbone,4096,5.8134310436248775,5.811488151550293,5.8205437660217285,5.796448230743408,5.897791862487793,10,50
myspec,forward_backbone,8192,9.977882919311524,9.981568336486816,10.000991821289062,9.948224067687988,10.013664245605469,10,50
myspec,forward_backbone,16384,18.695739517211916,18.686575889587402,18.739072799682617,18.64476776123047,18.857215881347656,10,50
