model,scope,context_length,mean_ms,p50_ms,p90_ms,min_ms,max_ms,warmup,repeats,capture_ms
myspec,forward_backbone_cuda_graph,128,0.8399382424354553,0.839711993932724,0.8422719836235046,0.836575984954834,0.8455359935760498,20,100,9.005658328533173
myspec,forward_backbone_cuda_graph,256,1.0041855990886688,1.0040479898452759,1.006111979484558,1.0009599924087524,1.0079360008239746,20,100,5.093708634376526
myspec,forward_backbone_cuda_graph,512,1.3279219233989716,1.3280159831047058,1.3306879997253418,1.3235520124435425,1.3334720134735107,20,100,4.792071878910065
myspec,forward_backbone_cuda_graph,1024,1.9241372787952422,1.9253120422363281,1.9298239946365356,1.914687991142273,1.931488037109375,20,100,4.827864468097687
myspec,forward_backbone_cuda_graph,2048,3.1621667194366454,3.161280035972595,3.175168037414551,3.1492159366607666,3.1775999069213867,20,100,5.448922514915466
myspec,forward_backbone_cuda_graph,4096,5.236666898727417,5.243295907974243,5.255392074584961,5.171999931335449,5.262303829193115,20,100,6.916426122188568
myspec,forward_backbone_cuda_graph,8192,9.492732801437377,9.485695838928223,9.51638412475586,9.466208457946777,9.52291202545166,20,100,6.932154297828674
myspec,forward_backbone_cuda_graph,16384,17.93951587677002,17.94328022003174,17.999391555786133,17.869983673095703,18.025279998779297,20,100,8.099935948848724
dflash,forward_backbone_cuda_graph,128,0.9131328004598618,0.9131039977073669,0.9148160219192505,0.909824013710022,0.9191039800643921,20,100,4.693701863288879
dflash,forward_backbone_cuda_graph,256,1.0757222402095794,1.0757440328598022,1.0779520273208618,1.0719679594039917,1.0841599702835083,20,100,4.938676953315735
dflash,forward_backbone_cuda_graph,512,1.391417601108551,1.3918879628181458,1.3951040506362915,1.3849279880523682,1.3978559970855713,20,100,4.293076694011688
dflash,forward_backbone_cuda_graph,1024,1.979196799993515,1.980127990245819,1.984287977218628,1.971168041229248,1.9896639585494995,20,100,4.881277680397034
dflash,forward_backbone_cuda_graph,2048,3.242840311527252,3.2427040338516235,3.24947190284729,3.2330238819122314,3.2546560764312744,20,100,4.883818328380585
dflash,forward_backbone_cuda_graph,4096,5.536501426696777,5.536400079727173,5.547584056854248,5.521664142608643,5.553055763244629,20,100,68.4230849146843
dflash,forward_backbone_cuda_graph,8192,9.721304664611816,9.723487854003906,9.74454402923584,9.69264030456543,9.753824234008789,20,100,5.921967327594757
dflash,forward_backbone_cuda_graph,16384,18.41063611984253,18.407312393188477,18.450048446655273,18.36636734008789,18.464576721191406,20,100,10.013140738010406
