model,context_length,mean_ms,p50_ms,p90_ms,min_ms,max_ms,warmup,repeats
dflash,128,4.168836275736491,4.173344135284424,4.211071968078613,4.092480182647705,4.246079921722412,5,30
dflash,256,4.14901762008667,4.151919841766357,4.191616058349609,4.059840202331543,4.22214412689209,5,30
dflash,512,4.149933830897013,4.150591850280762,4.208064079284668,4.057375907897949,4.221024036407471,5,30
dflash,1024,4.228762674331665,4.122560024261475,4.186463832855225,4.03872013092041,7.371808052062988,5,30
dflash,2048,5.000564241409302,4.999855995178223,5.021471977233887,4.974048137664795,5.033055782318115,5,30
dflash,4096,7.987230968475342,7.993904113769531,8.011839866638184,7.944064140319824,8.021056175231934,5,30
dflash,8192,13.727770678202312,13.723023891448975,13.766495704650879,13.680607795715332,13.77513599395752,5,30
dflash,16384,25.270266723632812,25.27849578857422,25.320640563964844,25.19615936279297,25.352928161621094,5,30
myspec,128,4.557489093144735,4.555791854858398,4.6042561531066895,4.4944000244140625,4.624512195587158,5,30
myspec,256,4.561274687449138,4.561984062194824,4.589471817016602,4.46665620803833,4.677023887634277,5,30
myspec,512,4.539585113525391,4.537536144256592,4.583807945251465,4.479712009429932,4.623040199279785,5,30
myspec,1024,4.549640544255575,4.547407865524292,4.581439971923828,4.467743873596191,4.776256084442139,5,30
myspec,2048,5.152407471338908,5.150815963745117,5.164480209350586,5.132512092590332,5.174272060394287,5,30
myspec,4096,8.127761077880859,8.128624439239502,8.144927978515625,8.084768295288086,8.157088279724121,5,30
myspec,8192,13.888426589965821,13.893631935119629,13.917856216430664,13.847968101501465,14.011648178100586,5,30
myspec,16384,25.421642684936522,25.416128158569336,25.483583450317383,25.35647964477539,25.490463256835938,5,30
