model,context_length,mean_ms,stdev_ms,p50_ms,p90_ms,min_ms,max_ms,repeats
dflash,128,4.301489082972209,0.15097223888393338,4.268671989440918,4.393983840942383,4.2084479331970215,5.042816162109375,30
dflash,256,4.230201609929403,0.039386454619110174,4.2311999797821045,4.273536205291748,4.155360221862793,4.2979841232299805,30
dflash,512,4.225099690755209,0.02797563816522969,4.2322399616241455,4.2593278884887695,4.167007923126221,4.26800012588501,30
dflash,1024,4.216120513280233,0.04256658907032812,4.2061920166015625,4.277344226837158,4.145855903625488,4.316832065582275,30
dflash,2048,4.764382966359457,0.007771971170332426,4.764432191848755,4.775008201599121,4.748991966247559,4.78000020980835,30
dflash,4096,7.498181390762329,0.017045813074574336,7.500880002975464,7.518080234527588,7.475776195526123,7.535007953643799,30
myspec,128,5.242482121785482,0.12100060735698769,5.221184015274048,5.339327812194824,5.026463985443115,5.714335918426514,30
myspec,256,5.25219095547994,0.10221019795096141,5.247472047805786,5.431903839111328,5.056191921234131,5.479487895965576,30
myspec,512,5.2528842767079675,0.09942862168620457,5.25926399230957,5.364448070526123,5.063424110412598,5.502272129058838,30
myspec,1024,5.253597831726074,0.13558089422687533,5.231600046157837,5.376224040985107,5.074592113494873,5.594079971313477,30
myspec,2048,5.2274709383646645,0.09007814501309204,5.224976062774658,5.330912113189697,5.009856224060059,5.364192008972168,30
myspec,4096,7.751925325393676,0.014156265154719664,7.750703811645508,7.7732157707214355,7.726431846618652,7.784512042999268,30
